{
  "project_info": {
    "project_number": "356997494884",
    "project_id": "atlant-19ff1",
    "storage_bucket": "atlant-19ff1.appspot.com"
  },
  "client": [
    {
      "client_info": {
        "mobilesdk_app_id": "1:356997494884:android:a07ce7a1bc5e2c80c04771",
        "android_client_info": {
          "package_name": "com.example.atlanttalan"
        }
      },
      "oauth_client": [
        {
          "client_id": "356997494884-gsm8iegt30kk08nelo66dmb7533gpkio.apps.googleusercontent.com",
          "client_type": 3
        }
      ],
      "api_key": [
        {
          "current_key": "AIzaSyDrVJKI2vxQHhIjf3lKTcLH8txxU8RfHLc"
        }
      ],
      "services": {
        "appinvite_service": {
          "other_platform_oauth_client": [
            {
              "client_id": "356997494884-gsm8iegt30kk08nelo66dmb7533gpkio.apps.googleusercontent.com",
              "client_type": 3
            }
          ]
        }
      }
    },
    {
      "client_info": {
        "mobilesdk_app_id": "1:356997494884:android:39adaa83cf1453f6c04771",
        "android_client_info": {
          "package_name": "com.example.atlanttalant"
        }
      },
      "oauth_client": [
        {
          "client_id": "356997494884-gsm8iegt30kk08nelo66dmb7533gpkio.apps.googleusercontent.com",
          "client_type": 3
        }
      ],
      "api_key": [
        {
          "current_key": "AIzaSyDrVJKI2vxQHhIjf3lKTcLH8txxU8RfHLc"
        }
      ],
      "services": {
        "appinvite_service": {
          "other_platform_oauth_client": [
            {
              "client_id": "356997494884-gsm8iegt30kk08nelo66dmb7533gpkio.apps.googleusercontent.com",
              "client_type": 3
            }
          ]
        }
      }
    }
  ],
  "configuration_version": "1"
}